,variable,experiment,units,frequency,ensemble,model,year,value,land_area
0,npp,ssp245,kg m-2 s-1,mon,r8i1p1f2,CNRM-CM6-1,2015,2.41716e-08,148579500000000.0
1,npp,ssp245,kg m-2 s-1,mon,r8i1p1f2,CNRM-CM6-1,2016,2.4232461e-08,148579500000000.0
2,npp,ssp245,kg m-2 s-1,mon,r8i1p1f2,CNRM-CM6-1,2017,2.454847e-08,148579500000000.0
3,npp,ssp245,kg m-2 s-1,mon,r8i1p1f2,CNRM-CM6-1,2018,2.5181622e-08,148579500000000.0
4,npp,ssp245,kg m-2 s-1,mon,r8i1p1f2,CNRM-CM6-1,2019,2.495395e-08,148579500000000.0
5,npp,ssp245,kg m-2 s-1,mon,r8i1p1f2,CNRM-CM6-1,2020,2.5701096e-08,148579500000000.0
