,variable,experiment,units,frequency,ensemble,model,year,value,land_area
0,npp,ssp245,kg m-2 s-1,mon,r9i1p1f2,CNRM-CM6-1,2015,2.4405297e-08,148579500000000.0
1,npp,ssp245,kg m-2 s-1,mon,r9i1p1f2,CNRM-CM6-1,2016,2.5416414e-08,148579500000000.0
2,npp,ssp245,kg m-2 s-1,mon,r9i1p1f2,CNRM-CM6-1,2017,2.5218363e-08,148579500000000.0
3,npp,ssp245,kg m-2 s-1,mon,r9i1p1f2,CNRM-CM6-1,2018,2.5287191e-08,148579500000000.0
4,npp,ssp245,kg m-2 s-1,mon,r9i1p1f2,CNRM-CM6-1,2019,2.5771653e-08,148579500000000.0
5,npp,ssp245,kg m-2 s-1,mon,r9i1p1f2,CNRM-CM6-1,2020,2.5973442e-08,148579500000000.0
