,variable,experiment,units,frequency,ensemble,model,year,value,land_area
0,npp,ssp245,kg m-2 s-1,mon,r7i1p1f2,CNRM-CM6-1,2015,2.4249337e-08,148579500000000.0
1,npp,ssp245,kg m-2 s-1,mon,r7i1p1f2,CNRM-CM6-1,2016,2.4445255e-08,148579500000000.0
2,npp,ssp245,kg m-2 s-1,mon,r7i1p1f2,CNRM-CM6-1,2017,2.5237627e-08,148579500000000.0
3,npp,ssp245,kg m-2 s-1,mon,r7i1p1f2,CNRM-CM6-1,2018,2.542545e-08,148579500000000.0
4,npp,ssp245,kg m-2 s-1,mon,r7i1p1f2,CNRM-CM6-1,2019,2.5402814e-08,148579500000000.0
5,npp,ssp245,kg m-2 s-1,mon,r7i1p1f2,CNRM-CM6-1,2020,2.5576599e-08,148579500000000.0
