,variable,experiment,units,frequency,ensemble,model,year,value,land_area
0,npp,ssp245,kg m-2 s-1,mon,r10i1p1f2,CNRM-CM6-1,2015,2.4511403e-08,148579500000000.0
1,npp,ssp245,kg m-2 s-1,mon,r10i1p1f2,CNRM-CM6-1,2016,2.5455016e-08,148579500000000.0
2,npp,ssp245,kg m-2 s-1,mon,r10i1p1f2,CNRM-CM6-1,2017,2.5980384e-08,148579500000000.0
3,npp,ssp245,kg m-2 s-1,mon,r10i1p1f2,CNRM-CM6-1,2018,2.5199805e-08,148579500000000.0
4,npp,ssp245,kg m-2 s-1,mon,r10i1p1f2,CNRM-CM6-1,2019,2.4896968e-08,148579500000000.0
5,npp,ssp245,kg m-2 s-1,mon,r10i1p1f2,CNRM-CM6-1,2020,2.4476547e-08,148579500000000.0
