,variable,experiment,units,frequency,ensemble,model,year,value,land_area
0,npp,ssp245,kg m-2 s-1,mon,r1i1p5f2,GISS-E2-1-G,2020,9.859867e-09,148979250000000.0
1,npp,ssp245,kg m-2 s-1,mon,r1i1p5f2,GISS-E2-1-G,2021,1.0090887e-08,148979250000000.0
2,npp,ssp245,kg m-2 s-1,mon,r1i1p5f2,GISS-E2-1-G,2022,1.0122899e-08,148979250000000.0
3,npp,ssp245,kg m-2 s-1,mon,r1i1p5f2,GISS-E2-1-G,2023,9.739019e-09,148979250000000.0
4,npp,ssp245,kg m-2 s-1,mon,r1i1p5f2,GISS-E2-1-G,2024,9.9128945e-09,148979250000000.0
