,variable,experiment,units,frequency,ensemble,model,year,value,land_area
0,npp,ssp245,kg m-2 s-1,mon,r8i1p5f2,GISS-E2-1-G,2020,9.457113e-09,148979250000000.0
1,npp,ssp245,kg m-2 s-1,mon,r8i1p5f2,GISS-E2-1-G,2021,9.77535e-09,148979250000000.0
2,npp,ssp245,kg m-2 s-1,mon,r8i1p5f2,GISS-E2-1-G,2022,9.931174e-09,148979250000000.0
3,npp,ssp245,kg m-2 s-1,mon,r8i1p5f2,GISS-E2-1-G,2023,9.972176e-09,148979250000000.0
4,npp,ssp245,kg m-2 s-1,mon,r8i1p5f2,GISS-E2-1-G,2024,9.987422e-09,148979250000000.0
