,variable,experiment,units,frequency,ensemble,model,year,value
0,tas,ssp245,K,mon,r4i1p1f3,HadGEM3-GC31-LL,2015,287.67621337273516
1,tas,ssp245,K,mon,r4i1p1f3,HadGEM3-GC31-LL,2016,287.75050935584494
2,tas,ssp245,K,mon,r4i1p1f3,HadGEM3-GC31-LL,2017,287.8118954746611
3,tas,ssp245,K,mon,r4i1p1f3,HadGEM3-GC31-LL,2018,287.81004414744723
4,tas,ssp245,K,mon,r4i1p1f3,HadGEM3-GC31-LL,2019,287.84126898826645
5,tas,ssp245,K,mon,r4i1p1f3,HadGEM3-GC31-LL,2020,287.970915610601
