,variable,experiment,units,frequency,ensemble,model,year,value
0,tas,ssp245,K,mon,r2i1p1f3,HadGEM3-GC31-LL,2015,288.11490953491665
1,tas,ssp245,K,mon,r2i1p1f3,HadGEM3-GC31-LL,2016,287.99905424035853
2,tas,ssp245,K,mon,r2i1p1f3,HadGEM3-GC31-LL,2017,288.15883535199333
3,tas,ssp245,K,mon,r2i1p1f3,HadGEM3-GC31-LL,2018,288.2802002663053
4,tas,ssp245,K,mon,r2i1p1f3,HadGEM3-GC31-LL,2019,288.1527227777955
5,tas,ssp245,K,mon,r2i1p1f3,HadGEM3-GC31-LL,2020,288.0711343146524
